cord_uid,doi,title,data_availability_statement,das_section,das_location
bbupvms3,10.1186/s12931-020-1287-4,Neuromuscular blocking agents for acute respiratory distress syndrome: an updated meta-analysis of randomized controlled trials,All data generated or analyzed during the present study are included in this published article and its supplementary information files.Ethics approval and consent to participate An approval by an ethics committee was not applicable.,Availability of data and materials,back_matter
hceyy9w7,10.1186/s13054-020-2765-2,Validation of neuromuscular blocking agent use in acute respiratory distress syndrome: a meta-analysis of randomized trials,The datasets used and/or analyzed during the current study are available from the corresponding author upon reasonable request.Ethics approval and consent to participate Not applicable,Availability of data and materials,back_matter
p3mb7r0v,10.1186/s13643-020-01401-x,Predicting the treatment response of certolizumab for individual adult patients with rheumatoid arthritis: protocol for an individual participant data meta-analysis,"The data that support the findings of this study are available from http://vivli. org but restrictions apply to the availability of these data, which were used under license for the current study, and so are not publicly available. Data are however available from http://vivli.org upon reasonable request and application, after their permission.",Availability of data and materials,back_matter
zer1m4b6,10.1186/s12913-020-05903-1,Incident reports involving hospital administrative staff: analysis of data from the Japan Council for Quality Health care nationwide database,We used JCQHC open data. The datasets used and/or analyzed during the current study are available from the corresponding author upon reasonable request.,Availability of data and materials,back_matter
41i9h3vq,10.1186/s12931-020-01574-y,The efficacy of mesenchymal stromal cell-derived therapies for acute respiratory distress syndrome—a meta-analysis of preclinical trials,The datasets used and/or analysed in this study are available from the corresponding author upon reasonable request.,Availability of data and materials,body_text
q7dwp3ow,10.3389/fpsyg.2021.582421,How I See Me—A Meta-Analysis Investigating the Association Between Identities and Pro-environmental Behaviour,"The original contributions presented in the study are included in the article/Supplementary Material, further enquiries can be directed to the corresponding author/s. The dataset and analysis script can be found at: https://osf.io/q7kc4/.",Data Availability Statement,body_text
84q3nh4y,10.1186/s12879-021-06064-0,"Diagnostic value of neutrophil CD64, procalcitonin, and interleukin-6 in sepsis: a meta-analysis",All relevant data supporting the conclusion of this study are included within the paper.,Availability of data and materials,back_matter
jpmwiqqz,10.1007/s00246-021-02644-8,Transfusion Strategies for Pediatric Cardiac Surgery: A Meta-Analysis and Trial Sequential Analysis,"The datasets generated and analyzed during the current study are available from the corresponding author on reasonable request.
Code Availability Not applicable.",Data Availability,body_text
nspxfgl0,10.1186/s13019-021-01634-4,Liberal or conservative oxygen therapy for ventilated patients in the ICU: a meta-analysis of randomized controlled trials,The datasets used and/or analyzed during the current study are available from the corresponding author on reasonable request.,Availability of data and materials,back_matter
s92dqw28,10.1093/database/baab065,HBFP: a new repository for human body fluid proteome,"All proteins can be easily accessed by searching protein ID, gene name,
protein sequence (FASTA) or gene sequence (FASTA) (<50 items per
query) (Figure 4A and B as an
example). A BLAST (182) is performed
locally to find the best match when the sequence FASTA format is given. For
each protein, detailed information is displayed (Figure 4C). Users can connect directly to the PubMed or
Google Scholar to view the original study through the provided links. Four
databases (UniProt, PeptideAtlas, NeXtProt and MassIVE) are cross-linked for
additional protein annotation, while the KEGG pathway and GO are focused on
the functional aspects (Figure 4D).
HBFP allows users to browse the entire protein list in each body fluid, where
the proteins are ordered based on descending confidence scores. Users can
check and download all entries of the selected body fluid type in one go, as
shown in Figure 5.",Query ::: Data access ::: Database applications; Download ::: Data access ::: Database applications,body_text
owy8a5m8,10.1186/s40560-021-00578-0,Efficacy of probiotics in the prevention of diarrhea in ventilated critically ill ICU patients: meta-analysis of randomized control trials: author’s reply,Available with the corresponding author.,Availability of data and materials,back_matter
9cw9fz3j,10.1186/s40560-021-00567-3,Efficacy of probiotics in the prevention of diarrhea in ventilated critically ill ICU patients: meta-analysis of randomized control trials,Not applicable.,Availability of data and materials,back_matter
qnkqfou0,10.1093/nar/gkab1083,MODOMICS: a database of RNA modification pathways. 2021 update,The data are accessible freely for research purposes at https://iimcb.genesilico.pl/modomics/.,DATA AVAILABILITY,body_text
ttnhuj8n,10.1093/nar/gkab986,RPS: a comprehensive database of RNAs involved in liquid–liquid phase separation,RPS is a comprehensive online database available at http://rps.renlab.org.,DATA AVAILABILITY,body_text
w2t0b1ef,10.3390/cells11010091,Current Status and Future Perspectives on Machine Perfusion: A Treatment Platform to Restore and Regenerate Injured Lungs Using Cell and Cytokine Adsorption Therapy,No new data were created or analyzed in this study. Data sharing is not applicable.,Data Availability Statement:,body_text
f0s6baik,10.3389/fmed.2021.814566,A Simple Weaning Model Based on Interpretable Machine Learning Algorithm for Patients With Sepsis: A Research of MIMIC-IV and eICU Databases,Publicly available datasets were analyzed in this study. This data can be found here: https://physionet.org/about/database/.,Data Availability Statement,body_text
k3nz41kc,10.1093/nargab/lqac005,HKG: an open genetic variant database of 205 Hong Kong cantonese exomes,HKG is publicly available in the European Variation Archive (EVA) under study number PRJEB41688 (https://www.ebi.ac.uk/ena/browser/view/PRJEB41688). The genotype imputation can be freely performed at the HKG imputation server for the academic purpose at http://www.bio8.cs.hku.hk/HKGimputationServer. The scripts used in this study are available at https://github.com/HKU-BAL/HKG.,DATA AVAILABILITY,body_text
a92wzmd1,10.1016/j.heliyon.2022.e08911,Drivers of digital transformation adoption: A weight and meta-analysis,No data was used for the research described in the article.,Data availability statement ::: Declarations,body_text
nmfkoyvn,10.1155/2022/2671343,The Improvement of Cardiac and Endothelial Functions of Xue-Fu-Zhu-Yu Decoction for Patients with Acute Coronary Syndrome: A Meta-Analysis of Randomized Controlled Trials,All the data generated or analyzed during this study are included in this published article and its additional files.,Data Availability,back_matter
1fy7y487,10.18332/tid/146905,Association between prenatal or postpartum exposure to tobacco smoking and allergic rhinitis in the offspring: An updated meta-analysis of nine cohort studies,All data generated or analyzed during this study are included in this article and its supplementary material files. Further enquiries can be directed to the corresponding author.,DATA AVAILABILITY,back_matter
8w4m1iu4,10.1038/s41598-022-10569-2,Prevalence and effect of Plasmodium spp. and hookworm co-infection on malaria parasite density and haemoglobin level: a meta-analysis,All data supporting the findings of this study are available within the article and its supplementary files.,Data availability,body_text
l6eabqrc,10.1186/s12884-022-04690-3,The incidence of gestational diabetes mellitus among women with polycystic ovary syndrome: a meta-analysis of longitudinal studies,Data supporting the findings of this review were presented in Table 1 and Supplementary Data.,Availability of data and materials,back_matter
ipkrqbp1,10.3390/ijerph19095164,Time Spent on Social Media and Risk of Depression in Adolescents: A Dose–Response Meta-Analysis,"The raw data supporting the conclusions of this article will be made available by the authors, without undue reservation, by the corresponding author.",Data Availability Statement:,body_text
2qhi64p4,10.3389/fphar.2022.854292,Evidence and Characteristics of Traditional Chinese Medicine for Coronary Heart Disease Patients With Anxiety or Depression: A Meta-Analysis and Systematic Review,"The original contributions presented in the study are included in the article/Supplementary Material, further inquiries can be directed to the corresponding authors.",DATA AVAILABILITY STATEMENT,body_text
wts1a0t7,10.3390/mi13050682,"Early Notice Pointer, an IoT-like Platform for Point-of-Care Feet and Body Balance Screening",The raw and processed data required to reproduce these findings cannot be shared at this time due to technical or time limitations. The raw and processed data will be provided upon reasonable request to anyone interested anytime after the technical problems are solved.,Data Availability Statement:,body_text
6kqnzkap,10.3390/tropicalmed7050065,Time Trend Analysis of Tuberculosis Treatment While Using Digital Adherence Technologies—An Individual Patient Data Meta-Analysis of Eleven Projects across Ten High Tuberculosis-Burden Countries,"The data presented in this study are available on request from the corresponding author. The data are not publicly available, as the study datasets are property of the National TB Control Programs and the organizations of the projects included in the meta-analyses.",Data Availability Statement:,body_text
gscm0v1d,10.1186/s12916-020-01592-z,Pregnancy outcomes and risk of placental malaria after artemisinin-based and quinine-based treatment for uncomplicated falciparum malaria in pregnancy: a WorldWide Antimalarial Resistance Network systematic review and individual patient data meta-analysis,The datasets supporting the conclusions of this article are available from the WWARN data repository (http://www.wwarn.org/working-together/sharingdata/accessing-data) for researchers who meet the criteria for access to confidential data.Ethics approval and consent to participate Ethics approval for the IPD meta-analysis of anonymized secondary data was waived by the Oxford Tropical Research Ethics Committee. Obtaining consent to participate is not required as this study consists of anonymized secondary data.,Availability of data and materials,back_matter
pnohfl7m,10.1186/s12889-020-08946-5,Another piece of the Zika puzzle: assessing the associated factors to microcephaly in a systematic review and meta-analysis,"The data supporting the findings of this analysis, as well as data not included in it, are available from the corresponding author. However, restrictions apply to the availability of these data, which were used under licence for the current study, and therefore, are not publicly available. Data are available from the corresponding author upon reasonable request.Ethics approval and consent to participate",Availability of data and materials,back_matter
55e6teg7,10.1007/s40259-020-00434-x,Designer Exosomes: A New Platform for Biotechnology Therapeutics,"Further information is available from the first author and corresponding author on request.Code Availability Not applicable.Author contributions DJ: conceptualization, data acquisition, writing, reviewing, and editing, artwork preparation, and validation; SS: writing, original draft preparation, and artwork preparation; RJ: writing, original draft preparation, and reviewing; NM: writing, original draft preparation; HG: writing, original draft preparation; FG: writing, original draft preparation; MFM: reviewing and validation; AS: supervision, conceptualization, validation, reviewing, and editing.",Availability of Data and Materials,back_matter
pi259i8y,10.1007/s00607-020-00837-2,Ubiquitous Health Profile (UHPr): a big data curation platform for supporting health data interoperability,"All code(for creating, transforming, and view), some sample data(minus the EMRBots data set), and results related to this version of the UHPr are available in a public GitHub repository(https://github.com/desertzebra/UHPr).",Availability of data and software ::: Implementation ::: Ubiquitous Health Profile (UHPr),body_text
7786vr0y,10.3389/fphar.2020.01260,Comparative Efficacy of Danshen Class Injections for Treating Acute Coronary Syndrome: A Multidimensional Bayesian Network Meta-Analysis of Randomized Controlled Trials,"The raw data supporting the conclusions of this article will be made available by the authors, without undue reservation.",Data Availability Statement,body_text
3mt519sg,10.3390/ijerph18052375,The Association of Bisphenol A and Phthalates with Risk of Breast Cancer: A Meta-Analysis,No new data were created or analyzed in this study.,Data Availability Statement:,back_matter
mlfsdwdi,10.1186/s40560-021-00563-7,Conservative oxygen therapy for critically ill patients: a meta-analysis of randomized controlled trials,All data generated or analyzed during this study are included in this published article.,Availability of data and materials,back_matter
75yxxgob,10.3389/fped.2021.713447,Clinical Utility of Molecular Tests for Guiding Therapeutic Decisions in Bloodstream Staphylococcal Infections: A Meta-Analysis,"The original contributions presented in the study are included in the article/Supplementary Material, further inquiries can be directed to the corresponding author/s.",Data Availability Statement,body_text
v20gniem,10.3389/frai.2021.685298,Sysrev: A FAIR Platform for Data Curation and Systematic Evidence Review,The datasets presented in this study can be found in online repositories. The names of the repository/repositories and accession number(s) can be found below: sysrev.com.,DATA AVAILABILITY STATEMENT,body_text
x1o86q7p,10.3389/fcvm.2021.710071,Sex-Specific Exposure–Effect Relationship Between Physical Activity and Incident Atrial Fibrillation in the General Population: A Dose–Response Meta-Analysis of 16 Prospective Studies,"The original contributions presented in the study are included in the article/Supplementary Material, further inquiries can be directed to the corresponding author/s.",Data Availability Statement,body_text
8l6ycjzi,10.3389/fbioe.2021.743322,"A CRISPR-Cas12b–Based Platform for Ultrasensitive, Rapid, and Highly Specific Detection of Hepatitis B Virus Genotypes B and C in Clinical Application",The original contributions presented in the study are included in the article/Supplementary Material; further inquiries can be directed to the corresponding authors.,DATA AVAILABILITY STATEMENT,body_text
nkpykilj,10.3389/fmed.2021.733724,Influence of Personal Protective Equipment on the Quality of Chest Compressions: A Meta-Analysis of Randomized Controlled Trials,"The original contributions presented in the study are included in the article/supplementary material, further inquiries can be directed to the corresponding author/s.",Data Availability Statement,body_text
b1vopzcd,10.3389/fmed.2022.875430,Obesity and Impaired Metabolic Health Increase Risk of COVID-19-Related Mortality in Young and Middle-Aged Adults to the Level Observed in Older People: The LEOSS Registry,"Patient data from the LEOSS registry are subject to the LEOSS governance, data use, and access policy (policy text available on https://leoss.net). Further inquiries can be directed to the corresponding author.",Data Availability Statement,body_text
k9sa4ap4,10.1101/2022.05.26.22275650,pyTCR: a comprehensive and scalable platform for TCR-Seq data analysis to facilitate reproducibility and rigor of immunogenomics research,"COVID19-BWNW dataset was part of the ImmuneRACE Study, which was downloaded from ImmuneCODE™ database (https://immunerace.adaptivebiotech.com/data). Each individual data 12 . CC-BY-NC-ND 4.0 International license It is made available under a is the author/funder, who has granted medRxiv a license to display the preprint in perpetuity.
The code that was used to produce the figures and analysis performed in this paper are available at https://github.com/Mangul-Lab-USC/pyTCR.",Data availability; Code availability,body_text
cue0qku3,10.1101/2020.09.04.283689,MiREDiBase: a manually curated database of editing events in microRNAs,"MiREDiBase provides an intuitive and straightforward web interface to access data, requiring no bioinformatics skills to perform accurate searches across the database. Users can explore MiREDiBase by interacting with the Search (Fig. 4) or the Compare module. Each module starts with a modal box by which users can filter out miRNA editing sites.
The Search module provides four filtering fields, including organism (e.g., Human), modification type (e.g., the A-to-I editing), genomic region (e.g., chromosome, pre-miRNA, or miRNA) and, optionally, biological source (e.g., BRCA -breast carcinoma). Based on the selected filtering options, the Search module generates a table listing a set of editing sites supplied with essential information, i.e., organism, modification type, chromosome, strand, genomic position, and position in pre-miRNA and mature miRNA.
MiREDiBase is freely available at https://ncrnaome.osumc.edu/miredibase. The whole platform is openly available at https://github.com/ncRNAome-OSU/miredibase.",User Interface and Data Accessibility; DATA ACCESS,body_text
fknvjy7r,10.1101/2022.05.15.492003,Hecatomb: An End-to-End Research Platform for Viral Metagenomics,"The reanalysis with Hecatomb utilised pre-existing datasets which are available under the NCBI BioProject accessions PRJEB9503 for the macaque SIV dataset (Handley et al. 2016 ) and PRJNA595374 for the coral reef dataset (Lima et al. 2021) . The Hecatomb annotations are available at doi.org/10.5281/zenodo.6388251, and and all commands used for analysing the results are available at https://gist.github.com/beardymcjohnface/58b127ea7ed536f20daa0ff11a224096 and https://gist.github.com/beardymcjohnface/e6b228572ccfbe89f0d9938f58ee2817.",DATA AVAILABILITY,body_text
jlpex6r4,10.1101/2022.03.20.22272676,The outcome of Gynecologic Cancer Patients With The Covid-19 Infection: A Systematic Review And Meta-Analysis,"The report which of the following are publicly available and they can be found at the supplementary material. . CC-BY-NC-ND 4.0 International license It is made available under a is the author/funder, who has granted medRxiv a license to display the preprint in perpetuity. (which was not certified by peer review)
The copyright holder for this preprint this version posted March 21, 2022. ; https://doi.org/10.1101/2022.03.20.22272676 doi: medRxiv preprint","Availability of data, code, and other materials",body_text
p0uo1ixb,10.1101/2021.10.26.466013,LungCancer3D: A Comprehensive Database for Integrating Lung Cancer Chromatin Architecture with Other Multi-omics,LungCancer3D is publicly available at http://www.lungcancer3d.net to all users. All these datasets were downloaded from online databases and were described in Table 1 .,DATA AVAILABILITY,body_text
miscxeap,10.1101/2021.02.22.432271,BiSEK: a platform for a reliable differential expression analysis,BiSEK is available as a web-interface. It is also provided as a software package that can be easily installed locally.,DATA AVAILABILITY,body_text
3n6gcsos,10.1101/2020.09.18.20197699,Health Heatmap of India: An Open Data Platform,A data access and aggregation service provides APIs with query parameters to access the ElasticSearch store and retrieve individual health indicators -geo entity values. These values are aggregated based upon the user queries and association rules; and provided to the visualization engine. This service is flexible and generic; and will evolve depending upon the use cases and dashboards designed on HHM.,Data access and aggregation service,body_text
0pk22kre,10.1101/2021.11.24.469884,NucPosDB: a database of nucleosome positioning in vivo and nucleosomics of cell-free DNA,NucPosDB is available at https://generegulation.org/nucposdb/.,Availability of data and materials,body_text
5uw36v1f,10.1101/2020.06.22.20103556,Genetic susceptibility to pneumonia: A GWAS meta-analysis between UK Biobank and FinnGen,"The full GWAS summary statistics for this study will be made available through the NHGRI-EBI GWAS Catalogue (https://www.ebi.ac.uk/gwas/downloads/summary-statistics) upon publication.
Individual level data for UK Biobank participants are available to eligible researchers through the UK Biobank (www.biobank.ac.uk). Results for the GWAS downstream analyses have been made available in CTG-VIEW (https://view.genoma.io). Code used for this study is available upon request. . CC-BY-NC 4.0 International license It is made available under a is the author/funder, who has granted medRxiv a license to display the preprint in perpetuity.",DATA AVAILABILITY,body_text
kuvdbr09,10.1101/2021.09.22.21263977,"COVID-19 mortality risk correlates inversely with vitamin D3 status, and a mortality rate close to zero could theoretically be achieved at 50 ng/ml 25(OH)D3: Results of a systematic review and meta-analysis",The datasets generated and/or analyzed during the current study have been made available online [171] .,Availability of data and materials,body_text
p3ktszn2,10.1101/2021.10.08.21264768,The Biomedical Research Hub: A Federated Platform for Patient Research Data,This project did not generate data nor analyze data but developed a software platform for searching and analyzing data that is available through data resources that expose APIs for discovering and accessing data.,Data Availability Statement,back_matter
9bkrsdgx,,MedPerf: Open Benchmarking Platform for Medical Artificial Intelligence using Federated Evaluation,"As medical AI has begun to transition from research to clinical care [1] [2] [3] [4] , national agencies around the world have started drafting regulatory frameworks to support this new class of interventions.
Examples include the US Food and Drug Administration (https://www.fda.gov/medical-devices/digital-health-center-excellence), the European Medicines Agency (https://www.ema.europa.eu/en/about-us/how-we-work/regulatory-science-strategy), and the Central Drugs Standard Control Organisation in India 5 . A key point of agreement for all regulatory agency efforts is a requirement for formal, large-scale validation of medical AI models [6] [7] [8] . Widespread approval and adoption of medical AI models will thus require expansion and diversification of clinical data sourced from multiple organizations. Furthermore, there are emerging parallels between stages for approval for medical AI interventions and the regulatory approval of small molecules or medical devices through clinical trials [9] [10] [11] .
Pioneering research in the medical field and elsewhere 12, 13 has demonstrated that using large and diverse datasets during model training results in more accurate models. Such models are also expected to be more generalizable to other clinical settings. Other studies have shown that models trained with data from limited and specific clinical settings demonstrate bias toward specific patient populations [14] [15] [16] , and such data biases can lead to models that appear promising during development but have lower performance in wider deployment 17, 18 . A given static model may be susceptible to distribution shifts for the model's input or the model's target, or both 19 . For example, input distributional shifts may occur when an algorithm is evaluated on a population different than the one upon which it was trained on, when there are changes to local demographics or disease prevalence, or as a result of software or hardware upgrades of medical imaging equipment used for data acquisition. Similarly, distributional shifts may also arise from variations in geographic insurance reimbursement and medical procedure trends, or from new annotation or labeling guidelines. These issues, which are often intertwined with one another and frequently result in performance degradation, can also hinder trust and acceptance of AI among healthcare stakeholders, including clinicians, patients, insurers, and regulators.
We believe a new approach to leveraging diverse data can deliver consistent clinical and business value to healthcare data owners, while creating adoption incentives through lower implementation cost and lower deployment risk 6 . Such an approach should allow collaborative model training and evaluation on large, multi-institutional and representative datasets while complying with privacy and regulatory requirements. However, the degree to which these requirements can be met during collaborative training is still an open research question 43 .
Here we present MedPerf, an approach focused on broader data access during model evaluation, which we believe will best support model generalization as well as improve clinician and patient confidence. MedPerf was built upon the group's experience leading and disseminating efforts such as (i) the development of standardized benchmarking platforms (e.g., MLPerf for benchmarking machine learning training 20 and inference 21 across industries in a pre-competitive space -https://mlcommons.org/#MLPerf); (ii) the implementation of federated learning software frameworks (e.g., NVIDIA CLARA, Intel OpenFL 22 , and Flower by Adap/University of Cambridge); (iii) the ideation and coordination of federated medical challenges across dozens of clinical sites and research institutes (e.g., BraTS 23 and FeTS 24 ); as well as (iv) other prominent medical AI and machine learning efforts spanning multiple countries and healthcare specialties (e.g., oncology 25 and COVID 26 ) . MedPerf should also illuminate cases where better models are needed, increase adoption of existing generalizable models, and incentivise further model development, data annotation, curation, and data access, while preserving patient privacy. The development of this approach requires (a) consistent and rigorous methodologies to evaluate performance of AI models for real-world use in a standardized manner, (b) a technical approach that enables measuring model generalizability across institutions, while maintaining data privacy and respecting model intellectual property, and (c) a community of expert groups to employ the evaluation methodology and the technical approach to define and operate mature performance benchmarks.
MedPerf aims to address these goals. MedPerf is an open-source framework designed to develop and support benchmark reference implementations, respect data privacy, and support model evaluation through formal generation of benchmarking working groups. MedPerf provides the opportunity to set standards, best practices, and benchmarking for medical AI in a pre-competitive space. The current list of contributors includes representatives of 18 companies, 13 universities, 6 hospitals, and 10 countries.
In this section, we discuss challenges to wider data access for AI training and evaluation in healthcare. Convincing data owners to broaden data access is hindered by substantial regulatory, legal, and public perception risks, high up-front costs, and uncertain financial return on investment.",Introduction -Need for Wide Data Access and Model Generalization,body_text
rp0hxc0k,,ProNet DB: A proteome-wise database for protein surface property representations and RNA-binding profiles,"All metadata and processed data are now available, and several approaches are provided to access the data.",DATA AVAILABILITY,body_text
u7u13k0d,10.3389/fcell.2021.713188,SAS: A Platform of Spike Antigenicity for SARS-CoV-2,The datasets presented in this study can be found in online repositories. The names of the repository/repositories and accession number(s) can be found in the article/Supplementary Material.,Data Availability Statement,body_text
9e8j0mwl,10.1101/2022.03.22.22272790,The World Health Organization's Disease Outbreak News: a retrospective database,"The DON database is available on Github, with all scripts required to reproduce the study, at https://github.com/cghss/dons. In addition to this manuscript, the repository itself can be cited directly as Zenodo DOI: 10.5281/zenodo.6374495.",Data and Code Availability,back_matter
vfo2qonx,10.1186/s40001-021-00587-7,The efficacy and safety of high-flow nasal cannula therapy in patients with COPD and type II respiratory failure: a meta-analysis and systematic review,All data generated or analyzed during this study are included in this published article.,Availability of data and materials,back_matter
7lyzrmzb,10.1186/s12948-022-00167-y,The risk of anaphylaxis behind authorized COVID-19 vaccines: a meta-analysis,All data generated or analyzed during this study are included in this published article.,Availability of data and materials,back_matter
haivzuzs,10.3389/fpubh.2021.697642,Anxiety and Depression in Chinese Students During the COVID-19 Pandemic: A Meta-Analysis,The datasets presented in this study can be found in online repositories. The names of the repository/repositories and accession number(s) can be found in the article/Supplementary Materials.,Data Availability Statement,body_text
7xs9wmwh,10.1101/2021.06.24.449741,GraphOmics: An Interactive Platform To Explore And Integrate Multi-Omics Data,"Datasets for the Zebrafish and Covid-19 case studies were obtained from the original studies and processed into a format suitable for GraphOmics analysis. Analysis results are available on GraphOmics and they can be accessed online. For the Zebrafish data, it is https://graphomics.glasgowcompbio.org/app/linker/explore_data/5, while for the Covid-19 data, it is https://graphomics.glasgowcompbio.org/app/linker/explore_data/6.",Availability of data and materials,body_text
ukvxy8r4,10.18502/ijph.v50i8.6797,Association between Thyroid Disease and Severe Coronavirus Disease 2019 (COVID-19) Infection: A Meta-Analysis,Data and any supplementary material related to this article can be obtained from the corresponding author on request.,Data availability,back_matter
6zrn3g9z,10.1093/nar/gkab1020,DISCO: a database of Deeply Integrated human Single-Cell Omics data,"All data and scripts in DISCO are free for academic research. The codes of FastIntegration are maintained in the GitHub: https://github.com/JinmiaoChenLab/FastIntegration Scripts of CELLiD, CellMapper are available at https://github.com/JinmiaoChenLab/DISCO_manuscript.",DATA AVAILABILITY,body_text
sfwxhnz0,10.3389/fpubh.2021.729559,Efficacy of COVID-19 Treatments: A Bayesian Network Meta-Analysis of Randomized Controlled Trials,"The original contributions presented in the study are included in the article/Supplementary Material, further inquiries can be directed to the corresponding author/s.",Data Availability Statement,body_text
054d2m2r,10.1155/2021/5104102,"Effects of Physical Exercises on Pulmonary Rehabilitation, Exercise Capacity, and Quality of Life in Children with Asthma: A Meta-Analysis",e data used to support the findings of this study are included within the supplementary information file.,Data Availability,body_text
pul97730,10.1101/2020.10.31.363044,RAPPID: a platform of ratiometric bioluminescent sensors for homogeneous immunoassays,"The data that support the plots within this paper and other findings of this study are available from the corresponding author (m.merkx@tue.nl) upon reasonable request.
Custom-written code for the computer models and simulations that support the experimental findings in this study is available from the corresponding author (m.merkx@tue.nl) upon reasonable request.",Data availability; Code availability,back_matter
6ckblrvj,10.1186/s40249-021-00910-8,Diagnostic value of chest computed tomography imaging for COVID-19 based on reverse transcription-polymerase chain reaction: a meta-analysis,The dataset supporting the conclusion of this article is available from the corresponding author upon reasonable request.,Availability of data and materials,back_matter
tx4wr5h3,10.3389/fcvm.2022.850447,Myocardial Injury Predicts Risk of Short-Term All-Cause Mortality in Patients With COVID-19: A Dose–Response Meta-Analysis,"The original contributions presented in the study are included in the article/Supplementary Material, further inquiries can be directed to the corresponding authors.",Data Availability Statement,body_text
gbvmmdz3,10.1186/s12913-021-06593-z,"Validity of algorithms for identifying five chronic conditions in MedicineInsight, an Australian national general practice database","The data used in this study are not publicly available due to the risk to individual patients' confidentiality and privacy. However, other researchers may be able to access the data used in this study provided approval is granted by the MedicineInsight Data Governance Committee and the Royal Australian College of General Practitioners (RACGP) National Research and Evaluation Ethics Committee. Data access enquiries can be directed to NPS MedicineWise (medicineinsight@nps.org.au).",Availability of data and materials,back_matter
ofltrkrj,10.3389/fendo.2022.856958,Incidence of Diabetic Ketoacidosis Among Pediatrics With Type 1 Diabetes Prior to and During COVID-19 Pandemic: A Meta-Analysis of Observational Studies,"The original contributions presented in the study are included in the article/
Supplementary Material
. Further inquiries can be directed to the corresponding author.",Data Availability Statement,body_text
20xgdws8,10.1038/s41419-021-04397-x,XDeathDB: a visualization platform for cell death molecular interactions,"Gene interaction network data that support the findings of this study have been deposited in the XDeathDB platform, which is available at https://pcm2019. shinyapps.io/XDeathDB/.",DATA AVAILABILITY,body_text
965j5tpz,10.1093/nar/gkab1136,"IMGT(®) databases, related tools and web resources through three main axes of research and development",IMGT® is freely available online for academics and non-profit use at http://www.imgt.org/. All the databases and tools referred to in this article are accessible from IMGT® webpage.,DATA AVAILABILITY,body_text
eush8xv5,10.3389/fmed.2020.592472,Efficacy and Safety of Glecaprevir/Pibrentasvir in HCV Patients With Previous Direct-Acting Antiviral Therapy Failures: A Meta-Analysis,"The original contributions presented in the study are included in the article/Supplementary Materials, further inquiries can be directed to the corresponding author/s.",Data Availability Statement,body_text
3dv11vk1,10.1093/nar/gkaa894,Aging Atlas: a multi-omics database for aging biology,All data in Aging Atlas is available to the users without registration or login (https://bigd.big.ac.cn/aging/index). Users can directly download the searched data in the corresponding module.,DATA AVAILABILITY,body_text
is0pa52m,10.1080/15476286.2022.2055923,Demystifying mRNA vaccines: an emerging platform at the forefront of cryptic diseases,No data was generated and/or analysed for the review article.,Data availability,back_matter
i9jh1wqi,10.1186/s12909-022-03465-w,Piloting ‘Virtual Ward’: a novel platform for delivering medical student education by residents,"The datasets used and/or analyzed during the current study are available from the corresponding author on reasonable request. Given the lack of funding for this project, the data is not available on a public repository. However, the data can be made available by corresponding author on a reasonable request.",Availability of data and materials,back_matter
5b2py0r0,10.1186/s13014-021-01974-4,Preoperative short-course radiotherapy followed by consolidation chemotherapy for treatment with locally advanced rectal cancer: a meta-analysis,All data generated or analyzed during this study are included in this manuscript.,Availability of data and materials,back_matter
g7dpiwc2,10.3389/fmed.2021.637446,Association of Frailty With the Risk of Mortality and Resource Utilization in Elderly Patients in Intensive Care Units: A Meta-Analysis,"The original contributions presented in the study are included in the article/Supplementary Material, further inquiries can be directed to the corresponding author/s.",Data Availability Statement,body_text
90f8spxe,10.1101/2020.05.23.111385,COVIDep: A web-based platform for real-time reporting of vaccine target recommendations for SARS-CoV-2,"The SARS-CoV-2 full genome sequence data is periodically downloaded from the Global Initiative on Sharing Avian Influenza Database (GISAID; www.gisaid.org). The SARS-CoV epitope sequence data was downloaded from the Virus Pathogen Database and Analysis Resource (ViPR; www.viprbrc.org). The population coverage statistics of HLA alleles were obtained from the Immune Epitope Database and Analysis Resource (IEDB; www.iedb.org).
The source code for the developed platform is available at the COVIDep GitHub repository (https://github.com/COVIDep). and their overlap with emerging experimental results. The majority of the identified epitopes (24/29; shown in a shaded box) are located in the S2 functional subunit of the spike protein, reported to be a main region targeted by crossreactive 3 and cross-neutralizing 4 antibodies. The epitopes with IEDB IDs 70719 and 15972 overlap with regions in the S1 functional subunit of the spike protein reported to be targeted by cross-neutralizing antibodies 5,6 . The specific overlapping residues are underlined. The epitopes with IEDB IDs 9094, 12426, and 558417 overlap with an epitope (located at positions 1178-1189) reported to be targeted by neutralizing antibodies in a preclinical trial of a SARS-CoV-2 vaccine candidate 10 . Interestingly, the partial overlaps of the (consecutive) epitopes 9094 and 12426/558417 cover the experimentally-reported epitope 10 completely. Note that epitopes 12426 and 558417 share the same sequence; they have different IDs in the IEDB database due to differences in the associated experimental procedures. The epitopes with IEDB IDs 52020 and 16183 overlap with the regions reported to be recognized by neutralizing antibodies in the sera of recovered COVID-19 patients 8 . 9 . The specific overlapping residues are underlined. In a preclinical vaccine trial 11 , T cell responses have also been recorded against a protein region comprising the identified epitope with IEDB ID 71663. The epitopes with IEDB IDs 36724 and 71663 were originally reported based on positive T cell assays for SARS-CoV, while those with IEDB IDs 54507, 54725, and 37289 were reported based on positive MHC binding assays.",Data availability; Code availability,body_text
x6q2nfim,10.1186/s13019-022-01811-z,The effect of Ulinastatin on postoperative course in cardiopulmonary bypass patients in Asia: a meta-analysis of randomized controlled trials,Please contact the author for data requests.,Availability of data and materials,back_matter
uvdwxnly,10.1186/s12885-022-09320-x,The impact of anti-tumor approaches on the outcomes of cancer patients with COVID-19: a meta-analysis based on 52 cohorts incorporating 9231 participants,"Not applicable.
The datasets generated during and/or analyzed during the current study are available from the corresponding author upon reasonable request.",Code availability; Availability of data and materials,back_matter
nvcbxfw9,10.3389/fphar.2022.764774,The Adverse Reactions of Lianhua Qingwen Capsule/Granule Compared With Conventional Drug in Clinical Application: A Meta-Analysis,"The original contributions presented in the study are included in the article/Supplementary Material, further inquiries can be directed to the corresponding author.",DATA AVAILABILITY STATEMENT,body_text
pi40yuhq,10.1186/s12889-022-13409-0,Social media use and mental health during the COVID-19 pandemic in young adults: a meta-analysis of 14 cross-sectional studies,The data that support the findings of this study are available from the corresponding author upon reasonable request.,Availability of data and materials,back_matter
bj7km9z9,10.1155/2021/2571912,Value of the Neutrophil-Lymphocyte Ratio in Predicting COVID-19 Severity: A Meta-analysis,The data of Table 1 used to support the findings of this study are included within the article (see References).,Data Availability,body_text
hsezuawo,10.1038/s41398-021-01501-9,Public mental health problems during COVID-19 pandemic: a large-scale meta-analysis of the evidence,"Study protocols and hypotheses were preregistered on the Open Science Framework (OSF) (https://osf.io/a5vmk/). Raw data, protocols, and analysis scripts are available openly at the OSF (https://osf.io/a5vmk/).",DATA AND CODE AVAILABILITY,body_text
tpqc95c9,10.3389/fphar.2021.627751,Comparative Efficacy of Seven Kinds of Chinese Medicine Injections in Acute Lung Injury and Acute Respiratory Distress Syndrome: A Network Meta-analysis of Randomized Controlled Trials,"The original contributions presented in the study are included in the article/Supplementary material, further inquiries can be directed to the corresponding authors.",DATA AVAILABILITY STATEMENT,body_text
fvcbhpg1,10.3389/fmed.2021.779914,Prevalence of Insomnia Symptoms in Older Chinese Adults During the COVID-19 Pandemic: A Meta-Analysis,The datasets presented in this study can be found in online repositories. The names of the repository/repositories and accession number(s) can be found in the article/Supplementary Material.,Data Availability Statement,body_text
yy8av3cq,10.3389/fnut.2022.837719,Function Over Mass: A Meta-Analysis on the Importance of Skeletal Muscle Quality in COVID-19 Patients,"The original contributions presented in the study are included in the article/Supplementary Material, further inquiries can be directed to the corresponding author.",DATA AVAILABILITY STATEMENT,body_text
od3i4og7,10.1186/s12859-021-04349-4,RPocket: an intuitive database of RNA pocket topology information with RNA-ligand data resources,All the supplementary data and materials can be downloaded from the homepage of the RPocket at http:// zhaos erver. com. cn/ RPock et/ RPock et. html.,Availability of data and materials,back_matter
xlfjg5lf,10.1093/nar/gkaa941,ADPriboDB 2.0: an updated database of ADP-ribosylated proteins,ADPriboDB is free and publicly available at http://adpribodb.leunglab.org/.,DATA AVAILABILITY,body_text
ybtwdhnl,10.3389/fnut.2022.850425,"Probiotics, Prebiotics, and Synbiotics Improve Uremic, Inflammatory, and Gastrointestinal Symptoms in End-Stage Renal Disease With Dialysis: A Network Meta-Analysis of Randomized Controlled Trials","The original contributions presented in the study are included in the article/Supplementary Material, further inquiries can be directed to the corresponding author.",Data Availability Statement,body_text
ls5gychz,10.1186/s12889-021-11546-6,Obesity is associated with severe disease and mortality in patients with coronavirus disease 2019 (COVID-19): a meta-analysis,The datasets used and/or analyzed during the current meta-analysis are available from the corresponding author upon reasonable request.,Availability of data and materials,body_text
6yk1dkyv,10.1007/s10278-021-00574-8,Studierfenster: an Open Science Cloud-Based Medical Imaging Analysis Platform,The datasets generated during and/or analyzed during the current study are available in the Figshare repository (https://figshare.com/authors/_/3752557).,Data Availability ::: Material and Methods,body_text
x5q9g8p3,10.12688/f1000research.74972.1,The association between therapeutic plasma exchange and the risk of mortality among patients critically ill with COVID-19: a meta-analysis,All data underlying the results are available as part of the article and no additional source data are required.,Data availability Underlying data,body_text
e0ge4p76,10.1002/ehf2.13549,"Heart failure in COVID‐19: the multicentre, multinational PCHF‐COVICAV registry","The registry procedures, data acquisition, and statistics were provided reliably according to the rules of Good Clinical Practice. The anonymized datasets of the current study might be available from the corresponding author on reasonable request.",Data availability statement,body_text
gk8ely05,10.1186/s12859-018-2330-z,outbreaker2: a modular platform for outbreak reconstruction,"The datasets generated and analysed during the current study are available in the github repository https://github.com/finlaycampbell/BMC_outbreaker2. Fig. 4 Similarity of consensus trees inferred by o2mod.TransPhylo and outbreaker2 compared to TransPhylo. The consensus tree of a reconstructed outbreak is defined as the tree with the ancestor of the highest posterior probability for each case. The similarity between consensus trees is calculated as the proportion of identically assigned ancestries. The x-axis indicates individual simulated outbreaks. Each outbreak was reconstructed once using the default outbreaker2 model (white dots), and once using o2mod.TransPhylo (black dots). The colour of the line represents the change in similarity to the consensus tree returned by the original TransPhylo package",Availability of data and materials,body_text
ebv16roi,10.18632/aging.203522,Efficacy and safety of current medications for treating severe and non-severe COVID-19 patients: an updated network meta-analysis of randomized placebo-controlled trials,All relevant data to the study were included in the article or uploaded as supplementary information. Data is available upon reasonable request.,Availability of data and materials ::: MATERIALS AND METHODS,body_text
d1k3myo5,10.1155/2018/1837634,Extra Dose of Vitamin C Based on a Daily Supplementation Shortens the Common Cold: A Meta-Analysis of 9 Randomized Controlled Trials,All data are contained within the paper.,Data Availability,back_matter
l6zxwhgl,10.1177/03000605211002003,Association between renal urolithiasis after extracorporeal shock wave lithotripsy therapy and new-onset hypertension: an updated meta-analysis,"The datasets generated and analyzed during the current study are available in Embase, the Cochrane Central Search Library, and PubMed.",Availability of data and materials,body_text
x79n29cp,10.3389/fnut.2021.825050,Development of the Food Label Information Program: A Comprehensive Canadian Branded Food Composition Database,"The datasets presented in this article are not readily available because complete database for non-commercial use can be obtained from the corresponding author at mary.labbe@utoronto.ca through data sharing agreements. Requests to access the datasets should be directed to Mary L'Abbe, mary.labbe@utoronto.ca.",Data Availability Statement,body_text
3n93ceo8,10.1038/s41597-021-01031-5,"COVID Border Accountability Project, a hand-coded global database of border closures introduced during 2020","Codes for the database, raw data outputs and data visualizations appearing on our website are available on our project GitHub (https://github.com/COBAPteam/COBAP). The full text of the survey used to code each policy is available in the Supplementary Materials.",Code availability,body_text
6skbv2tv,10.1093/bioinformatics/btac176,EDGE COVID-19: a web platform to generate submission-ready genomes from SARS-CoV-2 sequencing efforts,"All new data generated as part of this manuscript has been deposited to NCBI SRA database (Bioproject: PRJNA714680), GenBank, and GISAID. Individual accession IDs for GenBank and GISAID can be found in Supplementary Table S3.",Data availability,back_matter
ceefano5,10.1038/s41467-022-29911-3,Prospective individual patient data meta-analysis of two randomized trials on convalescent plasma for COVID-19 outpatients,"The source data and generated data are available in the Supplementary Data files.
The codes generated during the current study are available from the corresponding author on reasonable request.
Received: 23 November 2021; Accepted: 7 April 2022;",Data availability; Code availability,body_text
k1f9t27q,10.1093/nar/gkab977,SCoV2-MD: a database for the dynamics of the SARS-CoV-2 proteome and variant impact predictions,SCoV2-MD is an open-source collaborative initiative. The database is freely accessible without registration at www.scov2-md.org. Its source code is available in the GitHub repository https://github.com/GPCRmd/SCoV2-md.,DATA AVAILABILITY,body_text
y27afidm,10.1093/nar/gkab1019,GMrepo v2: a curated human gut microbiome database with special focus on disease markers and cross-dataset comparison,"All data are freely accessible to all academic users. This work is licensed under a Creative Commons Attribution Non-Commercial 3.0 Unported License (CC BY-NC 3.0). Users can download dataset from the ‘Data downloads’ section of the ‘Help’ page. Users can also download individual datasets or combined datasets for individual project/phenotype/species via the ‘Browse’ page. We also provided programmable access through REST APIs. And users can obtain our datasets based on the detailed instructions on using R, Perl and Python at the ‘Programmable access’ section of the ‘Help’ page or our GitHub page: https://github.com/evolgeniusteam/GMrepoProgrammableAccess.",DATA AVAILABILITY,body_text
hj1tpfq4,10.3389/fmed.2021.765249,IDbSV: An Open-Access Repository for Monitoring SARS-CoV-2 Variations and Evolution,The datasets presented in this study can be found in online repositories. The names of the repository/repositories and accession number(s) can be found in the article/Supplementary Material.,Data Availability Statement,body_text
j6fo487e,10.1007/s11239-021-02487-3,Impact of COVID-19 outbreak on patients with ST-segment elevation myocardial ınfarction (STEMI) in Turkey: results from TURSER study (TURKISH St-segment elevation myocardial ınfarction registry),The data underlying this article will be shared on reasonable request to the corresponding author.,Data availability,back_matter
puahsbhy,10.1055/s-0041-1731004,The Cosmos Collaborative: A Vendor-Facilitated Electronic Health Record Data Aggregation Platform,"Individuals from healthcare systems contributing data to Cosmos can query data in Cosmos through a secure web application. The web application leverages a graphical user interface that allows users to build modular queries without writing any code. Queries return cohort counts or summary measures (such as minimum, maximum, mean, or standard deviations of included continuous variables). Users can use Boolean logic to combine their criteria and place relative temporal restrictions on queries. For example, a query could retrieve the average age and the numberof patients who receiveda certainvaccine and receiveda follow-up booster within 12 months. Because Cosmos only returns population level data and obscures counts <11 patients (only reported as “10 or fewer”), data returned from Cosmos queries do not constitute human subjects research. As a result, end-users do not require institutional review board approval for research purposes.",Data Access ::: Methods,body_text
ihdvzayk,10.1016/j.obmed.2021.100333,Prognostic value of fasting hyperglycemia in patients with COVID-19 – Diagnostic test accuracy meta-analysis,"Available upon reasonable request.
Data are available on reasonable request.",Data Availability,body_text
trysj5eg,10.3389/fmolb.2021.750558,Respiratory Outcomes in Patients Following COVID-19-Related Hospitalization: A Meta-Analysis,"The original contributions presented in the study are included in the article/Supplementary Material, further inquiries can be directed to the corresponding author.",DATA AVAILABILITY STATEMENT,body_text
ef3e9smf,10.3390/ijms23094532,The Thousand Polish Genomes—A Database of Polish Variant Allele Frequencies,The variant allele frequencies database is available to academic researchers through a simple application process and data usage agreement. We encourage qualified researchers and clinicians to visit the project website: 1000polishgenomes.com. Code Used to Analyse the Data for this Manuscript is available at https://github.com/MNMdiagnostics/NaszeGenomy (accessed on 27 June 2021).,Data Availability Statement:,body_text
q1hudpg5,10.7717/peerj.13225,The effect of the COVID-19 pandemic on health care workers’ anxiety levels: a meta-analysis,"The following information was supplied regarding data availability:
The raw data is available in the Supplemental File.",Data Availability,body_text
ksig15xk,10.3389/fpubh.2022.870065,Prognostic Value of Syndecan-1 in the Prediction of Sepsis-Related Complications and Mortality: A Meta-Analysis,"The original contributions presented in the study are included in the article/Supplementary Material, further inquiries can be directed to the corresponding author/s.",Data Availability Statement,body_text
06xw57td,10.3389/fcimb.2021.709634,Microbiota Emergencies in the Diagnosis of Lung Diseases: A Meta-Analysis,The original contributions presented in the study are included in the article/Supplementary Material. Further inquiries can be directed to the corresponding authors.,Data Availability Statement,body_text
qen0adea,10.3389/fcvm.2022.813325,Reperfusion Strategy of ST-Elevation Myocardial Infarction: A Meta-Analysis of Primary Percutaneous Coronary Intervention and Pharmaco-Invasive Therapy,"The original contributions presented in the study are included in the article/Supplementary Material, further inquiries can be directed to the corresponding authors.",Data Availability Statement,body_text
er5mr1m1,10.1101/2020.08.18.20177147,OxCOVID19 Database: a multimodal data repository for better understanding the global impact of COVID-19,"We provide several different means of accessing the OxCOVID19 Database. The latest version can be downloaded in CSV format from https://github.com/covid19db/data or https://covid19.eng.ox.ac.uk/ and the archived static version can be accessed
The code for data acquisition and cleaning used in the processing of assembling the OxCOVID19 Database is on the GitHub repository: https://github.com/covid19db.",Data access; Code availability,body_text
zv2ryoh2,10.1016/j.metabol.2022.155196,Preadmission use of antidiabetic medications and mortality among patients with COVID-19 having type 2 diabetes: A meta-analysis,"Data were extracted from published research papers, all of which are available and accessible. All datasets generated during the current study are available upon reasonable request from the corresponding authors. The study protocol has been published (PROSPERO ID: CRD42021293064; www.crd.york.ac.uk/PROSPERO/) and is unrestrictedly available.",Data availability,back_matter
z0pjmz8u,10.1186/s13063-021-05458-4,AGILE: a seamless phase I/IIa platform for the rapid evaluation of candidates for COVID-19 treatment: an update to the structured summary of a study protocol for a randomised platform trial letter,"When the database from each CST protocol is locked, analysed and published, we will make the data available to the academic community via a request to the AGILE Data Sharing Committee (agile@soton.ac.uk).",Availability of data and materials,body_text
4y6kcase,10.1038/s41431-022-01089-8,Coronavirus Host Genetics South Africa (COHG-SA) database—a variant database for gene regions associated with SARS-CoV-2 outcomes,"All data generated or analysed during this study are included in this published article, supplementary information files, and the database repository. Access to the repository is available at (http://covgene.bi.up.ac.za).",DATA AVAILABILITY,body_text
ofvmt6kl,10.1186/s42269-022-00733-z,Association of inflammatory biomarker abnormalities with mortality in COVID-19: a meta-analysis,All the data used in the meta-analyses are available in the listed articles.,Availability of data and materials,back_matter
0707skqc,10.1186/s12859-020-03915-6,"Modeling drug mechanism of action with large scale gene-expression profiles using GPAR, an artificial intelligence platform",See ' Availability of materials and data' section for more information. These data can be obtained free of charge via http:// gpar.idrug .net.cn/ Ethics approval and consent to participate Not applicable.,Availability of data and materials,back_matter
nlszf8ym,10.1186/s40249-021-00901-9,The incubation period of COVID-19: a global meta-analysis of 53 studies and a Chinese observation study of 11 545 patients,The data used for this article is available from the corresponding author on reasonable request.,Availability of data and materials,back_matter
b6vxsi9j,10.3389/fphar.2022.850221,Comparative Efficacy of Chinese Herbal Injections for Septic Shock: A Bayesian Network Meta-Analysis of Randomized Controlled Trials,"The original contributions presented in the study are included in the article/Supplementary Material, further inquiries can be directed to the corresponding authors.",DATA AVAILABILITY STATEMENT,body_text
67l5cgas,10.3389/fendo.2021.779692,The Association Between COVID-19 and Thyroxine Levels: A Meta-Analysis,"The original contributions presented in the study are included in the article/
Supplementary Material
. Further inquiries can be directed to the corresponding author.",Data Availability Statement,body_text
76yd1rkb,10.3389/fmed.2021.773461,"CytoSorb Therapy in COVID-19 (CTC) Patients Requiring Extracorporeal Membrane Oxygenation: A Multicenter, Retrospective Registry","The datasets presented in this article are not readily available because the data that support the findings of this study are retained by CytoSorbents Corporation, the sponsor of the CTC Registry. The data are available upon reasonable written request and with written permission of the CytoSorbents Corporation. Requests to access the datasets should be directed to Peter Nelson, pnelson@cytosorbents.com.",Data Availability Statement,body_text
7zcrp4ca,10.15252/msb.202110387,"COVID19 Disease Map, a computational knowledge repository of virus–host interaction mechanisms","COVID-19 Disease Map diagrams are available via: -the GitLab repository (https://gitlab.lcsb.uni.lu/covid/models).
-WikiPathways collection (http://covid.wikipathways.org).
-Reactome collection (https://reactome.org/PathwayBrowser/#/R-HSA-9679506).
Workflows, executable models and network models are available via: -the GitLab repository (https://gitlab.lcsb.uni.lu/covid/models).
-FAIRDOMHub (https://fairdomhub.org/projects/190).
Expanded View for this article is available online.",Data availability,body_text
tsp1rjgo,10.3389/fphar.2021.610745,Efficacy of Chinese Herbal Injections for Elderly Patients With pneumonia—A Bayesian Network Meta-analysis of Randomized Control Trials,"The original contributions presented in the study are included in the article/Supplementary Material, further inquiries can be directed to the corresponding authors.",DATA AVAILABILITY STATEMENT,body_text
l3ec6gdm,10.12688/f1000research.74645.1,"Temporal trends of sex differences for COVID-19 infection, hospitalisation, severe disease, intensive care unit (ICU) admission and death: a meta-analysis of 229 studies covering over 10M patients","Harvard dataverse: Replication Data for: Temporal trends of sex differences for COVID-19 infection, hospitalisation, severe disease, intensive care unit (ICU) admission and death: Aa meta-analysis of 229 studies covering over 10M patients.
https://doi.org/10.7910/DVN/DPP67G

18
.
Harvard Dataverse: Appendix for: Temporal trends of sex differences for COVID-19 infection, hospitalisation, severe disease, intensive care unit (ICU) admission and death: Aa meta-analysis of 229 studies covering over 10M patients.
https://doi.org/10.7910/DVN/JPLKI9

12
.
Harvard Dataverse: PRISMA checklist for ‘Temporal trends of sex differences for COVID-19 infection, hospitalisation, severe disease, intensive care unit (ICU) admission and death: a meta-analysis of 229 studies covering over 10M patients’
https://doi.org/10.7910/DVN/TRIZJX

10
.
Data are available under the terms of the
Creative Commons Zero ""No rights reserved"" data waiver (CC0 1.0 Public domain dedication).",Underlying data ::: Data availability; Extended data ::: Data availability; Reporting guidelines ::: Data availability,body_text
pu2gy68n,10.1186/s12859-020-03881-z,Propedia: a database for protein–peptide identification based on a hybrid clustering algorithm,The data generated and/or analyzed for current study are available at Propedia's download page: https ://bioin fo.dcc. ufmg.br/prope dia/downl oad,Availability of data and materials,back_matter
hstomkk5,10.1534/g3.117.041491,Inbred Strain Variant Database (ISVdb): A Repository for Probabilistically Informed Sequence Differences Among the Collaborative Cross Strains and Their Founders,"The ISVdb version corresponding to this publication is ISVdb.v1.1, uploaded on March 15, 2017. A frozen snapshot of ISVdb.v1.1, including the v1.1 website interface and the variant information it provides, will be maintained at http://isvdb.unc.edu/archive. Subsequent ISVdb versions will be housed in the archive as well. The frozen ISVdb.v1.1 contents, and the inputs used to generate those contents, are also permanently stored on Zenodo at https://doi.org/10.5281/zenodo.399474 (Oreper et al. 2017b). All ISVdb.v1.1 results can be recreated from Supplemental Material, File S8 and File S9, which are briefly described below, and in further detail in File S1. As subsequent versions of ISVdb are developed, their contents will also be archived (at another location) on Zenodo.
For ISVdb.v1.1: File S1 contains detailed descriptions of all supplemental files; File S2 contains marker diplotype data for CC strains; File S3 contains nonmitochondrial SNPs for founders; File S4 contains indels for founders; File S5 contains mitochondrial SNPs for founders; File S6 contains the custom format specification for these VCF files; File S7 contains BL37.75 exons (along with other genomic features); File S8 contains an ISVdb.v1.1 dump of the imputed CC diplotypes per strain and per chromosome, in CSV format; and File S9 contains an ISVdb.v1.1 dump of the imputed CC genotypes per strain and per chromosome, in CSV format.
Code used to generate the ISVdb and its GUI is available at https://github.com/danoreper/ISVdb.git (Oreper et al. 2017a).",Data availability ::: Methods,body_text
71bg6grx,10.3389/fpsyg.2021.729302,Baby’s Online Live Database: An Open Platform for Developmental Science,"The raw data supporting the conclusions of this article will be made available by the authors, without undue reservation.",Data Availability Statement,body_text
1d5lqph5,10.1016/j.micpath.2022.105498,"Accuracy of clustered regularly interspaced short palindromic repeats (CRISPR) to diagnose COVID-19, a meta-analysis",No data was used for the research described in the article.,Data availability,body_text
kmw53q5z,10.12669/pjms.37.5.4351,"Characteristics, risk factors and outcomes of gastrointestinal hemorrhage in COVID-19 patients: A meta-analysis",The datasets used and/or analyzed during the current study are available from the corresponding author on reasonable request.,Availability of data and materials:,body_text
mbt8h1gr,10.3389/fnut.2021.795802,Responsible Governance for a Food and Nutrition E-Infrastructure: Case Study of the Determinants and Intake Data Platform,"The authors of this article conducted this research whilst working on the Richfields Project, which was used as the case study described herein. The data supporting this study should be requested from the RICHFIELDS consortium (https://fnhri.eu/contact/) and will be granted upon reasonable request.",Data Availability Statement,body_text
04d3qu60,10.3389/fmed.2021.809118,Gene Therapy Advances: A Meta-Analysis of AAV Usage in Clinical Settings,"The original contributions presented in the study are included in the article/Supplementary Material, further inquiries can be directed to the corresponding author/s.",Data Availability Statement,body_text
0uh5yarg,10.1186/s13054-021-03733-z,"The Dutch Data Warehouse, a multicenter and full-admission electronic health records database for critically ill COVID-19 patients","The pipelines were constructed in Python 3 (Python Software Foundation). The resulting DDW is stored on a remote server. An application programming interface (API) was developed to facilitate data access. Access to the server is regulated to comply with the data sharing agreements. All hospitals have access to the data. External researchers can get access to all data in collaboration with any of the participating hospitals. The list of collaborators is available in the co-author list and in the declarations section. The collaborators may be contacted directly, through the corresponding author, or through the contact information on Amsterdammedicaldatascience.nl [25]. Research questions have to be in the line with the reason for data collection as outlined in the DSA; the investigation of the ICU course of COVID-19 or its potential treatments. In addition, researchers have to sign a code of conduct before getting access to the data. Data access is granted by Amsterdam UMC; compliance with the DSA is the responsibility of the researcher and hospital accessing the data. A repository to process the data warehouse, including more information on table structures and data content, is available on Gitlab. Anyone can get access to the repository by contacting the corresponding author.",Data and code availability ::: Methods,body_text
czgcazbq,10.1093/nar/gkab1048,HumanNet v3: an improved database of human gene networks for disease research,"HumanNet v3 is available under the Creative Commons Attribution-ShareAlike 4.0 International License at https://www.inetbio.org/humannet. The data can be accessed through the following web browsers: Google Chrome, Microsoft Edge, Apple Safari, Mozilla Firefox.",DATA AVAILABILITY,body_text
axdhbeji,10.1093/jamia/ocab264,The Mass General Brigham Biobank Portal: an i2b2-based data repository linking disparate and high-dimensional patient data to support multimodal analytics,The limited dataset underlying this article cannot be shared publicly due to privacy of individuals that participated in the study. Deidentified data and samples may be shared in collaboration with a Mass General Brigham investigator. A subset of genotype and phenotype data is available on dbGAP at https://www.ncbi.nlm.nih.gov/projects/gap/cgi-bin/study.cgi?study_id¼ phs001584.v2.p2.,DATA AVAILABILITY,back_matter
6lxa5rds,10.1186/s12859-021-04207-3,Lantern: an integrative repository of functional annotations for lncRNAs in the human genome,"Lantern database is hosted at sysbio.lab.iupui.edu/lantern, which provides downloadable tables and figures. Source codes are available at GitHub (at https:// github. com/ Vidhu rDS/ Lante rn) [115] .",Availability of data and materials,back_matter
c3prfal9,10.1186/s12862-021-01911-9,European agroforestry has no unequivocal effect on biodiversity: a time-cumulative meta-analysis,All data required for the replication of the analysis are available in the supplementary material.,Availability of data and materials,back_matter
dfsf70w1,10.1101/2022.04.04.486952,"mRNAid, an Open-Source Platform for Therapeutic mRNA Design and Optimization Strategies",All code for this publication is available in the following GitHub repository: https://github.com/Merck/mRNAid and as a web application at https://mrnaid.dichlab.org .,Data availability,body_text
0bdhvgf6,10.1016/j.ajem.2022.03.010,Significant association between ischemic heart disease and elevated risk for COVID-19 mortality: A meta-analysis,The data that support the findings of this study are included in this article and available from the corresponding author upon reasonable request.,Data availability statement,body_text
n9amkau8,10.3389/fphar.2021.783104,Safety and Efficacy of Low Molecular Weight Heparin for Thromboprophylaxis in the Elderly: A Network Meta-Analysis of Randomized Clinical Trials,"The original contributions presented in the study are included in the article/Supplementary Material, further inquiries can be directed to the corresponding authors.",DATA AVAILABILITY STATEMENT,body_text
4qjuxvx5,10.7717/peerj.11120,PhyloPrimer: a taxon-specific oligonucleotide design platform,The following information was supplied regarding data availability: All software scripts and databases are available at GitHub: https://github.com/ gvMicroarctic/PhyloPrimer.,Data Availability,back_matter
xzd12ea4,10.1093/nar/gkab850,COVID19db: a comprehensive database platform to discover potential drugs and targets of COVID-19 at whole transcriptomic scale,The COVID19db platform is accessible at websites of http://hpcc.siat.ac.cn/covid19db and http://www.biomedical-web.com/covid19db.,DATA AVAILABILITY,body_text
yjae75zr,10.3389/fphar.2021.670170,Systemic Corticosteroid Administration in Coronavirus Disease 2019 Outcomes: An Umbrella Meta-Analysis Incorporating Both Mild and Pulmonary Fibrosis–Manifested Severe Disease,"The original contributions presented in the study are included in the article/Supplementary Material, and further inquiries can be directed to the corresponding author.",DATA AVAILABILITY STATEMENT,body_text
t6577sbh,10.1007/s00292-020-00897-3,Cooperative approach of pathology and neuropathology in the COVID-19 pandemic: German registry for COVID-19 autopsies (DeRegCOVID) and German network for autopsies in pandemics (DEFEAT PANDEMIcs),"For data reporting, each center must comply with local regulatory requirements, especially regarding ethical and data protection issues. DeRegCOVID in order to meet the need for centralized, coordinated, and structured data collection and reporting during the pandemic. The success of the registry strongly depends on the willingness of the respective centers to report the data, which has developed very positively so far and requires special thanks to all participating centers. The rights to own data and biomaterials (stored decentrally) remain with each respective center. The DEFEAT PANDEMIcs network expands on this and aims to strengthen harmonization and standardization as well as nationwide implementation and cooperation in the field of pandemic autopsies.
Conclusions. The extraordinary cooperation in the field of autopsies in Germany during the COVID-19 pandemic is impressively demonstrated by the establishment of DeRegCOVID, the merger of the registry of neuropathology (CNS-COVID19) with DeRegCOVID and the establishment of the autopsy network DEFEAT PANDEMIcs. It gives a strong signal for the necessity, readiness, and expertise to jointly help manage current and future pandemics by autopsy-derived knowledge.",» All centers retain the rights to their reported data and materials,body_text
5ncmy9iw,10.1016/j.bja.2021.07.033,"Convalescent plasma for COVID-19: a meta-analysis, trial sequential analysis, and meta-regression",All authors had access to data.,Author data access ::: Declarations,body_text
qa4zf97x,10.1186/s12885-020-06948-5,Similar response rates and survival with PARP inhibitors for patients with solid tumors harboring somatic versus Germline BRCA mutations: a Meta-analysis and systematic review,"The datasets used and/or analyzed during the current study are available from the corresponding author on reasonable request. The studies from which the data was generated are publicly available.Ethics approval and consent to participate Not applicable, as this is a meta-analysis of published data, and no direct patient care was involved.",Availability of data and materials,back_matter
vzdetjc5,10.1080/13880209.2021.1915340,Efficacy and safety of Chinese patent medicine (Kang-ai injection) as an adjuvant in the treatment of patients with hepatocellular carcinoma: a meta-analysis,All data generated or analysed during this study are included in this published article.,Availability of data and material,body_text
x7bejjkk,10.1016/j.isci.2020.101297,CORDITE: the curated CORona Drug InTERactions database for SARS-CoV-2,This study did not generate data. The curated data can be accessed freely via the API.,Data and Code Availability,body_text
fulol6hn,10.1016/j.xpro.2021.100755,"An optimized, amplicon-based approach for sequencing of SARS-CoV-2 from patient samples using COVIDSeq assay on Illumina MiSeq sequencing platforms",All the scripts used for the SARS-CoV-2 sequencing analysis and interpretation are adopted from Poojary et al 2020 (GitHub repository: https://github.com/banijolly/Genepi).,Data and Code Availability,back_matter
88fm77sp,10.3389/fpubh.2020.00193,Comparison of Epidemiological Variations in COVID-19 Patients Inside and Outside of China—A Meta-Analysis,All datasets presented in this study are included in the article.,Data Availability Statement,body_text
69nkzy5q,10.1186/s12911-021-01524-8,Pragmatic MDR: a metadata repository with bottom-up standardization of medical metadata through reuse,The datasets used and/or analyzed during the current study are available from the corresponding author on reasonable request.,Availability of data and materials,back_matter
bejc6q06,10.3390/ijerph18147643,Effects of Exercise Training on Cardiopulmonary Function and Quality of Life in Elderly Patients with Pulmonary Fibrosis: A Meta-Analysis,The data presented in this study are available on request from the corresponding author.,Data Availability Statement:,body_text
oqvp6a10,10.1038/s41597-022-01206-8,MeadoWatch: a long-term community-science database of wildflower phenology in Mount Rainier National Park,"This paper represents MW’s first data release, which will be updated regularly via the provided links. MW data is freely available to use for any non-commercial purposes by citing this reference or the DOI to the database22. Commercial use of the database requires express authorization by the MW coordinator (Prof. Dr. Hille Ris Lambers). For privacy, the identities of MW volunteers in the database have been anonymized.",Data availability and use ::: Usage Notes,body_text
3vxi1k6n,10.1016/j.ijnurstu.2021.104136,Global Prevalence and Associated Risk Factors of Posttraumatic Stress Disorder During COVID-19 Pandemic: A Meta-analysis,"As this study is a meta-analysis of previous data, no new data were generated in support of this research",Data Availability,body_text
f50zll2z,10.1016/j.diabres.2021.109066,Glycaemic control during the lockdown for COVID-19 in adults with type 1 diabetes: A meta-analysis of observational studies,The data that support the findings of this study are available from the corresponding author upon reasonable request.,Data availability statement,body_text
belr7xz4,10.3389/fneur.2020.575634,Long-Term Anticoagulation in Secondary Ischemic Stroke Prevention: The Prospective Multicenter RESTAIC Registry,"The raw data supporting the conclusions of this article will be made available by the authors, without undue reservation.",Data Availability Statement,body_text
say1xyan,10.3389/fcvm.2021.609857,Associations Between the Use of Renin–Angiotensin System Inhibitors and the Risks of Severe COVID-19 and Mortality in COVID-19 Patients With Hypertension: A Meta-Analysis of Observational Studies,"The original contributions presented in the study are included in the article/Supplementary Material, further inquiries can be directed to the corresponding author.",Data Availability Statement,body_text
f8iqjf1s,10.3389/frobt.2021.549360,SIGVerse: A Cloud-Based VR Platform for Research on Multimodal Human-Robot Interaction,"The raw data supporting the conclusions of this article will be made available by the authors, without undue reservation. The source code of the proposed system is available on GitHub https://github.com/SIGVerse.",DATA AVAILABILITY STATEMENT,body_text
w6t89bqo,10.1186/s12985-021-01604-1,Association of dyslipidemia with the severity and mortality of coronavirus disease 2019 (COVID-19): a meta-analysis,The data in the current paper are publicly available since this a meta-analysis conducted on the basis of the cited literature.,Availability of data and materials,back_matter
y32zs4o5,10.3389/fped.2021.695610,Risk Factors and Outcomes of Pulmonary Hypertension in Infants With Bronchopulmonary Dysplasia: A Meta-Analysis,"The raw data supporting the conclusions of this article will be made available by the authors, without undue reservation.",Data Availability Statement,body_text
isv2i8m2,10.1093/nar/gkab1118,ONQUADRO: a database of experimentally determined quadruplex structures,"ONQUADRO is a continuously maintained, weekly self-updating resource available at https://onquadro.cs.put.poznan.pl. No registration or login is required to access the data and take full advantage of the system’s functionality.",DATA AVAILABILITY,body_text
vhz2bzg1,10.1186/s13098-022-00819-8,Acute glycemic variability and risk of mortality in patients with sepsis: a meta-analysis,All data generated or analyzed during this study are included in this published article.,Availability of data and materials,back_matter
zheeqg9d,10.1186/s12885-021-08883-5,Clinicopathological features and prognostic significance of C5aR in human solid tumors: a Meta-analysis,The data that support the findings of this study are available on request from the corresponding author.,Availability of data and materials,body_text
ykf1btsh,10.12688/f1000research.36396.3,Association between convalescent plasma and the risk of mortality among patients with COVID-19: a meta-analysis,"All data underlying the results are available as part of the article and no additional source data are required.
Figshare: PRISMA checklist for ‘Association between convalescent plasma and the risk of mortality among patients with COVID-19: A meta-analysis’,
https://doi.org/10.6084/m9.figshare.13490541.v1.

46
The supplementary file regarding the funnel plot of our study is provided in Figshare (
https://doi.org/10.6084/m9.figshare.14046254.v1).

47
Data are available under the terms of the
Creative Commons Attribution 4.0 International license (CC-BY 4.0).",Underlying data ::: Data availability; Reporting guidelines ::: Data availability; Extended data ::: Data availability,body_text
usyqkglg,10.1016/j.heliyon.2021.e07665,The SARS-CoV-2 receptor angiotensin-converting enzyme 2 (ACE2) in Myalgic Encephalomyelitis/Chronic Fatigue Syndrome: a meta-analysis of public DNA methylation and gene expression data,"Data associated with this study has been deposited at NCBI under the accession number GSE59489, GSE93266, GSE111183, GSE156792, GSE153667, GSE14577.",Data Availability Statement ::: Declarations,body_text
gvmve8f2,10.1186/s12859-020-03894-8,A2A: a platform for research in biomedical literature search,"All the datasets used in this work are available through NIST TREC website: https ://trec.nist.gov/data.html. Additionally, all the scripts used for topic processing with example outputs prominent in presented use cases are made available (publicly; to registered users) at: https ://a2a.csiro .au/bench marki ng/resou rces. The A2A tool is available at https ://a2a.csiro .au/ bench marki ng/about . The system requires registration.",Availability of data and materials,back_matter
spax3xnq,10.1186/s12859-021-04500-1,GraphOmics: an interactive platform to explore and integrate multi-omics data,"Datasets for the Zebrafish and Covid-19 case studies were obtained from the original studies and processed into a format suitable for GraphOmics analysis. Processed data is available for download from the GraphOmics repository. Analysis results are available on GraphOmics and can be accessed online. For the Zebrafish data, it is https:// graph omics. glasg owcom pbio. org/ app/ linker/ explo re_ data/5, while for the Covid-19 data, it is https:// graph omics. glasg owcom pbio. org/ app/ linker/ explo re_ data/6.",Availability of data and materials,back_matter
2vt4gjhj,10.1186/s12968-021-00841-1,Myocardial involvement in children with post-COVID multisystem inflammatory syndrome: a cardiovascular magnetic resonance based multicenter international study—the CARDOVID registry,"The datasets generated during and/or analysed during the current study are not publicly available due to legislation about medical data privacy but are available from the corresponding author on reasonable request, in the respect of legal obligations.",Availability of data and materials,back_matter
inkhvif4,10.3389/fpubh.2021.680108,Risk Factors of Mortality From Pneumocystis Pneumonia in Non-HIV Patients: A Meta-Analysis,The original contributions presented in the study are included in the article/supplementary materials. Further inquiries can be directed to the corresponding author.,Data Availability Statement,body_text
